{"cameraMode":{"drawMode":0,"name":"Shaded","section":"Shading Mode"},"sceneLighting":true,"audioPlay":false,"sceneViewState":{"showFog":false,"showMaterialUpdate":false,"showSkybox":false,"showFlares":false,"showImageEffects":false,"showParticleSystems":false},"in2DMode":false,"pivot":{"x":-542.1636962890625,"y":-523.477783203125,"z":-883.3552856445313},"rotation":{"x":-0.10823314636945725,"y":0.8917480707168579,"z":-0.30705395340919497,"w":-0.3143404424190521},"size":944.0361938476563,"orthographic":false}