{"cameraMode":{"drawMode":0,"name":"Shaded","section":"Shading Mode"},"sceneLighting":false,"audioPlay":false,"sceneViewState":{"showFog":false,"showMaterialUpdate":false,"showSkybox":false,"showFlares":false,"showImageEffects":false,"showParticleSystems":false},"in2DMode":false,"pivot":{"x":2.469405174255371,"y":5.072243690490723,"z":62.93876647949219},"rotation":{"x":0.21717526018619538,"y":0.02635204792022705,"z":-0.0058654360473155979,"w":0.9757628440856934},"size":47.76567459106445,"orthographic":false}