{"cameraMode":{"drawMode":0,"name":"Shaded","section":"Shading Mode"},"sceneLighting":true,"audioPlay":false,"sceneViewState":{"showFog":false,"showMaterialUpdate":false,"showSkybox":false,"showFlares":false,"showImageEffects":false,"showParticleSystems":false},"in2DMode":false,"pivot":{"x":430.1147766113281,"y":28.306411743164064,"z":297.8643798828125},"rotation":{"x":-0.19519348442554475,"y":0.02088460698723793,"z":-0.004157489165663719,"w":-0.9805326461791992},"size":759.21728515625,"orthographic":false}