{"cameraMode":{"drawMode":0,"name":"Shaded","section":"Shading Mode"},"sceneLighting":false,"audioPlay":false,"sceneViewState":{"showFog":false,"showMaterialUpdate":false,"showSkybox":false,"showFlares":false,"showImageEffects":false,"showParticleSystems":false},"in2DMode":false,"pivot":{"x":28.639999389648439,"y":-1.7000000476837159,"z":321.4100036621094},"rotation":{"x":0.012370926328003407,"y":-0.9816761016845703,"z":0.1774279624223709,"w":0.06844151020050049},"size":22.0,"orthographic":false}