{"cameraMode":{"drawMode":0,"name":"Shaded","section":"Shading Mode"},"sceneLighting":false,"audioPlay":false,"sceneViewState":{"showFog":false,"showMaterialUpdate":false,"showSkybox":false,"showFlares":false,"showImageEffects":false,"showParticleSystems":false},"in2DMode":false,"pivot":{"x":-0.019098522141575815,"y":0.013894451782107354,"z":0.005669618956744671},"rotation":{"x":0.1799888163805008,"y":-0.670347273349762,"z":0.17256920039653779,"w":0.6989588141441345},"size":0.06612057983875275,"orthographic":false}