{"cameraMode":{"drawMode":0,"name":"Shaded","section":"Shading Mode"},"sceneLighting":false,"audioPlay":false,"sceneViewState":{"showFog":false,"showMaterialUpdate":false,"showSkybox":false,"showFlares":false,"showImageEffects":false,"showParticleSystems":false},"in2DMode":false,"pivot":{"x":-98.39093017578125,"y":-0.4570481777191162,"z":-0.550000011920929},"rotation":{"x":0.07130071520805359,"y":-0.4273182451725006,"z":0.03382740542292595,"w":0.9006584882736206},"size":0.04763263091444969,"orthographic":false}