{"cameraMode":{"drawMode":0,"name":"Shaded","section":"Shading Mode"},"sceneLighting":false,"audioPlay":false,"sceneViewState":{"showFog":false,"showMaterialUpdate":false,"showSkybox":false,"showFlares":false,"showImageEffects":false,"showParticleSystems":false},"in2DMode":false,"pivot":{"x":0.000013427597878035158,"y":0.03744504973292351,"z":-0.007102346047759056},"rotation":{"x":-0.15096823871135713,"y":-0.5952118039131165,"z":0.11513998359441757,"w":-0.7809850573539734},"size":0.06966006755828858,"orthographic":false}