{"cameraMode":{"drawMode":0,"name":"Shaded","section":"Shading Mode"},"sceneLighting":false,"audioPlay":false,"sceneViewState":{"showFog":false,"showMaterialUpdate":false,"showSkybox":false,"showFlares":false,"showImageEffects":false,"showParticleSystems":false},"in2DMode":false,"pivot":{"x":0.0,"y":0.02180415950715542,"z":-5.820766091346741e-11},"rotation":{"x":-0.14556272327899934,"y":-0.7100991606712341,"z":0.15400241315364839,"w":-0.6716527342796326},"size":0.06606248021125794,"orthographic":false}