{"cameraMode":{"drawMode":0,"name":"Shaded","section":"Shading Mode"},"sceneLighting":false,"audioPlay":false,"sceneViewState":{"showFog":false,"showMaterialUpdate":false,"showSkybox":false,"showFlares":false,"showImageEffects":false,"showParticleSystems":false},"in2DMode":false,"pivot":{"x":-7.450580596923828e-9,"y":0.04194515198469162,"z":0.00483415462076664},"rotation":{"x":-0.17445580661296845,"y":-0.6611921191215515,"z":0.1622135043144226,"w":-0.7115764021873474},"size":0.10130036622285843,"orthographic":false}