{"cameraMode":{"drawMode":0,"name":"Shaded","section":"Shading Mode"},"sceneLighting":false,"audioPlay":false,"sceneViewState":{"showFog":false,"showMaterialUpdate":false,"showSkybox":false,"showFlares":false,"showImageEffects":false,"showParticleSystems":false},"in2DMode":false,"pivot":{"x":-0.7099999785423279,"y":0.8853921890258789,"z":-12.955665588378907},"rotation":{"x":0.11016539484262467,"y":-0.09526562690734863,"z":0.010609726421535015,"w":0.9893037676811218},"size":2.3546864986419679,"orthographic":false}