{"cameraMode":{"drawMode":0,"name":"Shaded","section":"Shading Mode"},"sceneLighting":true,"audioPlay":false,"sceneViewState":{"showFog":false,"showMaterialUpdate":false,"showSkybox":false,"showFlares":false,"showImageEffects":false,"showParticleSystems":false},"in2DMode":false,"pivot":{"x":1028.709228515625,"y":630.867431640625,"z":13.225183486938477},"rotation":{"x":-0.04279148206114769,"y":-0.015016126446425915,"z":0.0006509544909931719,"w":-0.9989945292472839},"size":1250.0277099609375,"orthographic":false}