{"cameraMode":{"drawMode":0,"name":"Shaded","section":"Shading Mode"},"sceneLighting":false,"audioPlay":false,"sceneViewState":{"showFog":false,"showMaterialUpdate":false,"showSkybox":false,"showFlares":false,"showImageEffects":false,"showParticleSystems":false},"in2DMode":false,"pivot":{"x":1.862645149230957e-9,"y":0.04194515198469162,"z":0.00483415462076664},"rotation":{"x":-0.1953328251838684,"y":-0.5488347411155701,"z":0.13379445672035218,"w":-0.8018651008605957},"size":0.10130036622285843,"orthographic":false}