{"cameraMode":{"drawMode":0,"name":"Shaded","section":"Shading Mode"},"sceneLighting":false,"audioPlay":false,"sceneViewState":{"showFog":false,"showMaterialUpdate":false,"showSkybox":false,"showFlares":false,"showImageEffects":false,"showParticleSystems":false},"in2DMode":false,"pivot":{"x":-0.000025272369384765625,"y":0.024956226348876954,"z":0.0},"rotation":{"x":-0.11884620785713196,"y":-0.7759000062942505,"z":0.153690904378891,"w":-0.6004138588905335},"size":0.05747881531715393,"orthographic":false}