{"cameraMode":{"drawMode":0,"name":"Shaded","section":"Shading Mode"},"sceneLighting":false,"audioPlay":false,"sceneViewState":{"showFog":false,"showMaterialUpdate":false,"showSkybox":false,"showFlares":false,"showImageEffects":false,"showParticleSystems":false},"in2DMode":false,"pivot":{"x":0.4027344882488251,"y":-0.006265989039093256,"z":0.19880694150924684},"rotation":{"x":0.42059776186943056,"y":-0.23871086537837983,"z":0.11574142426252365,"w":0.8676140308380127},"size":4.603146553039551,"orthographic":false}