{"cameraMode":{"drawMode":0,"name":"Shaded","section":"Shading Mode"},"sceneLighting":true,"audioPlay":false,"sceneViewState":{"showFog":false,"showMaterialUpdate":false,"showSkybox":false,"showFlares":false,"showImageEffects":false,"showParticleSystems":false},"in2DMode":false,"pivot":{"x":14.402714729309082,"y":-9.40723991394043,"z":-12.799741744995118},"rotation":{"x":0.643384575843811,"y":-0.001142083783634007,"z":0.0009725128184072673,"w":0.7655621767044067},"size":22.809608459472658,"orthographic":false}