{"cameraMode":{"drawMode":0,"name":"Shaded","section":"Shading Mode"},"sceneLighting":true,"audioPlay":false,"sceneViewState":{"showFog":false,"showMaterialUpdate":false,"showSkybox":false,"showFlares":false,"showImageEffects":false,"showParticleSystems":false},"in2DMode":false,"pivot":{"x":1.862645149230957e-9,"y":1.387670636177063e-7,"z":1.4062970876693726e-7},"rotation":{"x":0.049057766795158389,"y":-0.9485692381858826,"z":0.18239621818065644,"w":0.25447025895118716},"size":0.1305200159549713,"orthographic":false}