{"cameraMode":{"drawMode":0,"name":"Shaded","section":"Shading Mode"},"sceneLighting":false,"audioPlay":false,"sceneViewState":{"showFog":false,"showMaterialUpdate":false,"showSkybox":false,"showFlares":false,"showImageEffects":false,"showParticleSystems":false},"in2DMode":false,"pivot":{"x":9.61838150024414,"y":-4.901678085327148,"z":7.919029235839844},"rotation":{"x":-0.14793597161769868,"y":-0.852164626121521,"z":0.3576705753803253,"w":-0.3523944318294525},"size":38.03416061401367,"orthographic":false}