{"cameraMode":{"drawMode":0,"name":"Shaded","section":"Shading Mode"},"sceneLighting":false,"audioPlay":false,"sceneViewState":{"showFog":false,"showMaterialUpdate":false,"showSkybox":false,"showFlares":false,"showImageEffects":false,"showParticleSystems":false},"in2DMode":false,"pivot":{"x":-85.77700805664063,"y":1.4600000381469727,"z":-5.08001708984375},"rotation":{"x":-0.08979105204343796,"y":0.39700251817703249,"z":-0.038896165788173679,"w":-0.9127123355865479},"size":0.5177940726280212,"orthographic":false}